,Winner,Loser,Winner Score,Loser Score,Away Team First Downs,Home Team First Downs,Away Team Rushes,Away Team Rush Yards,Away Team Rush TDs,Home Team Rushes,Home Team Rush Yards,Home Team Rush TDs,Away Team Completions,Away Team Pass Attempts,Away Team Pass Yards,Away Team Pass TDs,Away Team Interceptions,Home Team Completions,Home Team Pass Attempts,Home Team Pass Yards,Home Team Pass TDs,Home Team Interceptions,Away Team Sacks,Away Team Sack Yards,Home Team Sacks,Home Team Sack Yards,Away Team Net Pass Yards,Home Team Net Pass Yards,Away Team Total Yards,Home Team Total Yards,Away Team Fumbles,Away Team Fumbles Lost,Home Team Fumbles,Home Team Fumbles Lost,Away Team Turnovers,Home Team Turnovers,Away Team Penalties,Away Team Penalty Yards,Home Team Penalties,Home Team Penalty Yards,Away Team 3rd Down Conversions,Away Team 3rd Down Attempts,Home Team 3rd Down Conversions,Home Team 3rd Down Attempts,Away Team 4th Down Conversions,Away Team 4th Down Attempts,Home Team 4th Down Conversions,Home Team 4th Down Attempts,Away Team Time of Possession,Home Team Time of Possession
202409050kan,Kansas City Chiefs,Baltimore Ravens,27,20,21,25,20,72,2,32,185,1,20,28,291,1,1,26,41,273,1,0,2,10,1,6,281,267,353,452,0,0,1,1,1,1,6,45,7,64,4,9,7,14,0,0,1,2,26:17,33:43
202409060phi,Philadelphia Eagles,Green Bay Packers,34,29,25,19,38,144,2,21,163,1,20,34,278,2,2,17,35,260,2,1,2,12,2,9,266,251,410,414,2,1,1,0,3,1,7,57,10,71,4,14,3,11,1,1,1,1,32:47,27:13
202409080atl,Pittsburgh Steelers,Atlanta Falcons,18,10,15,16,22,89,0,41,137,0,16,26,155,1,2,17,23,156,0,0,2,18,2,23,137,133,226,270,1,1,1,0,3,0,5,34,9,60,2,9,8,17,1,1,0,1,24:24,35:36
202409080buf,Buffalo Bills,Arizona Cardinals,34,28,23,18,33,130,2,25,124,1,18,23,232,2,0,21,31,162,1,0,2,10,4,16,222,146,352,270,1,1,1,1,1,1,9,65,5,31,3,9,7,13,2,2,0,1,30:30,29:30
202409080nor,New Orleans Saints,Carolina Panthers,47,10,22,11,37,180,2,20,58,1,19,24,200,3,0,13,31,161,0,2,1,1,4,26,199,135,379,193,1,1,1,1,1,3,10,95,6,80,7,13,1,10,0,0,1,3,36:39,23:21
202409080chi,Chicago Bears,Tennessee Titans,24,17,11,16,22,84,0,26,140,1,14,29,93,0,0,19,32,127,1,2,2,29,3,23,64,104,148,244,3,1,1,1,1,3,7,55,8,50,2,13,3,14,2,2,1,2,25:06,34:54
202409080cin,New England Patriots,Cincinnati Bengals,16,10,13,17,16,70,1,39,170,1,21,29,164,0,0,15,24,121,0,0,3,10,1,1,154,120,224,290,3,2,1,0,2,0,2,10,5,40,4,11,6,15,0,1,0,0,25:57,34:03
202409080clt,Houston Texans,Indianapolis Colts,29,27,14,26,22,104,2,40,213,1,9,19,212,2,1,24,32,234,2,0,2,13,4,30,199,204,303,417,0,0,0,0,1,0,4,20,5,30,5,10,7,14,1,2,2,2,20:00,40:00
202409080mia,Miami Dolphins,Jacksonville Jaguars,20,17,18,17,25,81,1,26,128,1,23,37,338,1,0,12,21,162,1,0,3,19,3,23,319,139,400,267,0,0,2,1,0,1,9,103,8,71,8,16,2,10,0,2,0,1,33:10,26:50
202409080nyg,Minnesota Vikings,New York Giants,28,6,14,17,21,74,0,26,111,1,22,42,186,0,2,19,24,208,2,1,5,20,1,7,166,201,240,312,1,0,1,1,2,2,9,95,7,63,7,18,3,10,1,3,1,1,32:26,27:34
202409080sea,Seattle Seahawks,Denver Broncos,26,20,19,13,33,146,2,25,99,1,18,25,171,1,1,26,42,138,0,2,2,13,2,6,158,132,304,231,1,1,2,1,2,3,6,41,8,60,4,12,5,18,0,0,1,1,28:46,31:14
202409080sdg,Los Angeles Chargers,Las Vegas Raiders,22,10,11,14,27,176,1,22,71,0,17,26,144,1,0,25,33,257,1,1,1,4,4,32,140,225,316,296,0,0,2,2,0,3,7,50,2,15,4,15,5,14,0,0,0,1,28:16,31:44
202409080cle,Dallas Cowboys,Cleveland Browns,33,17,15,15,19,93,1,25,102,1,24,45,169,1,2,19,32,179,1,0,6,32,3,16,137,163,230,265,1,0,1,0,2,0,11,64,11,85,2,15,4,14,3,5,0,0,30:54,29:06
202409080tam,Tampa Bay Buccaneers,Washington Commanders,37,20,22,22,30,112,0,30,138,3,24,30,289,4,0,17,24,184,0,0,1,9,2,23,280,161,392,299,0,0,3,0,0,0,7,46,7,51,9,13,2,8,0,0,1,1,33:41,26:19
202409080det,Detroit Lions,Los Angeles Rams,26,20,21,26,31,163,2,23,83,1,18,28,217,1,1,34,49,317,1,1,2,17,2,13,200,304,363,387,0,0,0,0,1,1,6,56,6,50,6,13,5,12,1,1,1,2,29:45,34:56
202409090sfo,San Francisco 49ers,New York Jets,32,19,24,14,38,180,2,19,68,1,19,29,231,0,0,19,29,203,2,1,3,10,1,5,221,198,401,266,0,0,1,1,0,2,4,40,3,10,6,13,6,10,0,0,0,1,38:40,21:20
202409120mia,Buffalo Bills,Miami Dolphins,31,10,20,13,34,139,0,26,108,2,25,39,225,1,3,13,19,139,1,0,2,13,0,0,212,139,351,247,0,0,1,0,3,0,7,50,1,5,7,15,3,9,1,5,1,1,36:19,23:41
202409150car,Los Angeles Chargers,Carolina Panthers,26,3,7,21,18,90,0,44,219,1,18,26,84,0,1,14,20,130,2,1,2,15,1,0,69,130,159,349,0,0,1,1,1,2,9,90,3,15,1,12,9,16,1,3,0,0,23:42,36:18
202409150jax,Cleveland Browns,Jacksonville Jaguars,18,13,18,17,21,127,1,29,125,1,14,30,220,0,0,22,34,186,0,0,4,24,2,14,196,172,323,297,1,0,1,0,0,0,6,52,13,100,3,9,2,14,0,0,3,3,25:37,34:23
202409150gnb,Green Bay Packers,Indianapolis Colts,16,10,19,19,53,261,0,18,140,0,12,14,122,1,0,17,34,204,1,3,0,0,1,6,122,198,383,338,2,1,3,0,1,3,6,50,3,20,10,17,2,9,0,0,1,2,40:11,19:49
202409150dal,New Orleans Saints,Dallas Cowboys,44,19,20,24,21,68,0,39,190,4,28,42,299,1,2,11,16,243,2,1,3,14,1,1,285,242,353,432,1,0,0,0,2,1,4,26,5,40,6,13,5,8,1,3,0,0,29:29,30:31
202409150det,Tampa Bay Buccaneers,Detroit Lions,20,16,26,14,27,139,1,23,70,1,35,56,324,0,2,12,19,185,1,1,0,0,5,39,324,146,463,216,0,0,2,0,2,1,4,71,4,35,7,17,2,10,3,5,0,0,33:53,26:07
202409150min,Minnesota Vikings,San Francisco 49ers,23,17,17,24,24,146,0,25,102,1,17,26,268,2,1,28,36,319,1,1,4,11,6,25,257,294,403,396,3,1,3,1,2,2,7,53,4,30,7,12,2,10,0,0,1,3,25:12,34:48
202409150nwe,Seattle Seahawks,New England Patriots,23,20,19,18,36,185,1,19,46,1,15,27,149,1,0,33,44,327,1,0,3,24,3,15,125,312,310,358,1,0,0,0,0,0,3,42,6,50,6,16,7,15,0,0,1,2,35:42,29:41
202409150was,Washington Commanders,New York Giants,21,18,22,18,35,215,0,22,129,1,23,29,226,0,0,16,28,178,2,0,5,16,1,3,210,175,425,304,0,0,1,1,0,1,10,69,5,20,7,14,4,8,1,1,1,2,37:32,22:28
202409150oti,New York Jets,Tennessee Titans,24,17,20,16,28,130,1,24,101,1,19,28,192,1,1,18,30,176,2,0,4,22,2,12,170,164,300,265,1,1,0,0,2,0,5,45,7,70,5,12,5,12,0,1,0,0,29:57,30:03
202409150rav,Las Vegas Raiders,Baltimore Ravens,26,23,21,18,27,151,1,17,27,1,21,34,247,1,1,30,38,276,1,1,2,15,5,43,232,233,383,260,0,0,1,0,1,1,11,109,3,15,3,11,4,12,1,1,0,1,29:17,30:43
202409150crd,Arizona Cardinals,Los Angeles Rams,41,10,24,14,40,231,1,20,53,1,17,21,266,3,0,19,27,216,0,0,1,8,5,24,258,192,489,245,2,1,1,1,1,1,5,52,2,10,7,11,2,11,0,0,1,3,36:54,23:06
202409150kan,Kansas City Chiefs,Cincinnati Bengals,26,25,19,18,32,149,0,22,74,0,18,25,151,2,2,23,36,258,2,0,2,14,3,12,137,246,286,320,1,1,3,1,3,1,4,44,8,79,1,8,4,13,2,2,2,2,28:31,31:29
202409150den,Pittsburgh Steelers,Denver Broncos,13,6,13,16,19,64,0,36,141,0,20,35,246,0,2,13,20,117,1,0,2,15,2,7,231,110,295,251,0,0,1,0,2,0,9,124,10,78,2,12,4,13,1,2,0,0,27:41,32:19
202409150htx,Houston Texans,Chicago Bears,19,13,15,15,22,75,0,22,71,1,23,36,260,1,0,23,37,174,0,2,3,25,7,40,235,134,310,205,1,1,0,0,1,2,12,115,9,60,4,14,6,17,1,1,1,2,28:47,31:13
202409160phi,Atlanta Falcons,Philadelphia Eagles,22,21,22,22,37,186,1,28,152,0,23,30,183,1,1,20,29,241,2,0,1,4,1,8,179,233,365,385,0,0,1,0,1,0,9,53,3,40,6,13,2,9,2,3,1,2,35:39,24:21
202409190nyj,New York Jets,New England Patriots,24,3,27,11,33,133,1,15,78,0,27,35,281,2,0,16,26,120,0,0,2,14,7,59,267,61,400,139,1,0,1,1,0,1,8,106,5,70,10,15,2,11,0,0,3,3,40:04,19:56
202409220clt,Indianapolis Colts,Chicago Bears,21,16,15,26,33,150,3,28,63,0,10,20,167,0,2,33,52,363,2,2,1,11,4,31,156,332,306,395,0,0,1,1,2,3,9,78,4,25,3,12,9,21,0,1,4,5,24:59,35:01
202409220cle,New York Giants,Cleveland Browns,21,15,16,21,18,69,0,32,112,1,21,37,196,2,0,24,35,236,2,0,8,48,2,8,148,228,217,340,2,2,3,2,2,2,5,48,9,68,4,14,4,14,1,3,1,1,26:04,33:56
202409220tam,Denver Broncos,Tampa Bay Buccaneers,26,7,17,18,16,91,0,28,136,2,25,33,163,1,1,25,36,216,0,0,7,31,0,0,132,216,223,352,1,1,1,1,2,1,5,19,5,51,3,11,4,13,0,2,2,3,27:52,32:08
202409220oti,Green Bay Packers,Tennessee Titans,30,14,18,16,11,33,0,37,188,1,26,34,260,2,2,13,19,202,1,0,8,56,3,12,204,190,237,378,1,1,0,0,3,0,2,15,10,75,3,9,5,14,0,1,0,0,27:32,32:28
202409220min,Minnesota Vikings,Houston Texans,34,7,19,17,28,118,0,14,38,0,17,28,181,4,0,28,44,307,1,2,4,25,5,49,156,258,274,296,1,0,0,0,0,2,5,30,11,88,6,13,4,14,1,1,2,4,29:18,30:42
202409220nor,Philadelphia Eagles,New Orleans Saints,15,12,12,20,29,89,0,25,172,2,14,25,142,1,1,29,38,311,0,1,1,12,4,23,130,288,219,460,0,0,2,1,1,2,3,25,7,45,6,13,6,14,0,1,1,3,27:45,32:15
202409220pit,Pittsburgh Steelers,Los Angeles Chargers,20,10,20,10,31,114,1,20,61,0,25,32,245,1,1,14,20,149,1,0,2,13,5,44,232,105,346,166,0,0,2,0,1,0,3,15,7,69,7,14,3,11,0,0,0,0,33:51,26:09
202409220rai,Carolina Panthers,Las Vegas Raiders,36,22,20,24,16,55,1,31,131,1,27,40,296,2,1,26,37,319,3,0,3,20,2,13,276,306,331,437,0,0,0,0,1,0,6,54,7,51,3,11,5,12,1,3,0,0,23:58,36:02
202409220sea,Seattle Seahawks,Miami Dolphins,24,3,21,13,23,100,2,18,65,0,26,34,289,1,2,20,32,186,0,0,3,19,6,46,270,140,370,205,1,0,3,0,2,0,11,92,11,85,3,11,1,12,0,0,0,3,31:28,28:32
202409220crd,Detroit Lions,Arizona Cardinals,20,13,17,23,18,77,0,43,187,1,21,34,207,1,1,18,23,199,2,1,1,7,2,13,200,186,277,373,0,0,0,0,1,1,4,30,9,79,1,9,6,12,0,2,0,1,23:11,36:49
202409220dal,Baltimore Ravens,Dallas Cowboys,28,25,26,24,16,51,1,45,274,3,28,51,379,2,0,12,15,182,1,0,3,18,0,0,361,182,412,456,2,1,0,0,1,0,6,44,13,105,7,13,4,9,0,1,0,0,25:15,34:45
202409220ram,Los Angeles Rams,San Francisco 49ers,27,24,19,25,26,98,2,34,137,0,16,26,221,1,0,22,30,292,3,0,3,23,1,4,198,288,296,425,0,0,2,1,0,1,8,75,7,111,5,12,6,11,2,2,1,1,26:33,33:27
202409220atl,Kansas City Chiefs,Atlanta Falcons,22,17,19,22,25,82,1,33,128,0,20,29,230,1,1,26,39,217,2,1,2,1,0,0,229,217,311,345,2,0,0,0,1,1,6,44,6,61,2,9,6,14,1,3,1,1,25:03,34:57
202409230buf,Buffalo Bills,Jacksonville Jaguars,47,10,25,19,29,122,2,17,92,0,24,31,266,4,0,26,46,200,1,1,0,0,5,53,266,147,388,239,0,0,1,1,0,2,6,47,7,45,6,11,2,13,2,2,4,8,31:40,28:20
202409230cin,Washington Commanders,Cincinnati Bengals,38,33,30,22,20,124,1,32,108,3,29,38,324,3,0,21,23,254,2,0,2,12,2,6,312,248,436,356,0,0,1,0,0,0,5,16,3,28,6,10,5,9,1,1,3,3,26:54,33:06
202409260nyg,Dallas Cowboys,New York Giants,20,15,16,14,24,26,0,23,80,0,29,40,281,0,1,22,27,221,2,0,1,4,1,8,277,213,303,293,1,0,1,0,1,0,4,35,11,89,5,16,3,10,3,4,1,1,35:37,24:23
202409290atl,Atlanta Falcons,New Orleans Saints,26,24,14,25,15,88,0,33,131,3,21,35,238,0,1,28,36,239,0,1,1,11,1,4,227,235,315,366,1,0,1,1,1,2,9,76,6,60,4,11,7,13,0,0,1,2,24:18,35:42
202409290car,Cincinnati Bengals,Carolina Panthers,34,24,24,24,29,155,1,31,141,2,25,41,220,2,1,22,31,232,2,1,0,0,0,0,220,232,375,373,0,0,0,0,1,1,6,37,5,39,7,14,7,13,1,3,0,0,31:02,28:58
202409290chi,Chicago Bears,Los Angeles Rams,24,18,17,21,28,131,2,26,119,1,17,23,157,1,0,20,29,224,0,1,3,24,3,21,133,203,264,322,1,0,1,1,0,2,10,84,6,44,3,9,5,11,0,0,0,0,28:58,31:02
202409290clt,Indianapolis Colts,Pittsburgh Steelers,27,24,22,23,32,133,1,30,122,2,19,30,239,2,0,22,34,312,1,0,2,14,4,30,225,282,358,404,1,0,3,2,0,2,4,38,6,53,8,15,6,13,0,0,0,2,28:53,31:07
202409290nyj,Denver Broncos,New York Jets,10,9,16,12,23,64,0,31,126,0,24,42,225,0,0,12,25,60,1,0,5,41,0,0,184,60,248,186,1,1,1,1,1,1,13,90,5,74,4,17,3,14,0,1,0,0,31:44,28:16
202409290gnb,Minnesota Vikings,Green Bay Packers,31,29,24,22,19,86,0,34,120,1,32,54,389,4,3,20,28,275,3,1,1,10,2,21,379,254,465,374,1,1,2,2,4,3,8,68,7,55,4,12,4,11,0,2,0,1,27:45,32:15
202409290htx,Houston Texans,Jacksonville Jaguars,24,20,26,17,26,101,1,24,158,0,27,40,345,2,0,18,33,169,2,0,2,11,1,14,334,155,435,313,1,1,1,0,1,0,12,93,6,44,7,13,4,12,0,0,0,1,33:17,26:43
202409290tam,Tampa Bay Buccaneers,Philadelphia Eagles,33,16,29,16,25,111,2,20,113,1,30,47,347,2,0,18,30,158,1,0,2,13,6,44,334,114,445,227,1,0,3,2,0,2,3,20,5,41,6,13,6,13,1,1,1,2,36:17,23:43
202409290crd,Washington Commanders,Arizona Cardinals,42,14,17,29,32,181,1,37,216,4,16,22,142,1,0,26,30,233,1,1,4,27,0,0,115,233,296,449,3,1,0,0,1,1,4,82,5,49,4,11,9,12,2,3,1,1,26:38,33:22
202409290sfo,San Francisco 49ers,New England Patriots,30,13,19,12,32,148,1,24,73,0,15,27,288,1,1,19,32,168,1,1,1,5,6,25,283,143,431,216,3,1,4,2,2,3,6,43,3,20,7,13,5,16,0,0,1,3,31:35,28:25
202409290rai,Las Vegas Raiders,Cleveland Browns,20,16,17,16,29,152,2,22,92,0,14,24,130,0,0,24,32,176,1,1,2,14,3,27,116,149,268,241,1,1,1,0,1,1,6,49,5,38,4,12,3,10,0,0,0,1,29:18,30:42
202409290sdg,Kansas City Chiefs,Los Angeles Chargers,17,10,12,16,24,55,0,26,101,1,16,27,179,1,0,19,29,245,1,1,2,10,3,17,169,228,224,329,2,0,1,1,0,2,9,51,5,40,4,13,9,16,0,1,0,0,30:52,29:08
202409290rav,Baltimore Ravens,Buffalo Bills,35,10,22,12,34,271,2,23,81,1,14,19,157,2,0,17,31,182,0,0,1,1,3,27,156,155,427,236,2,1,2,1,1,1,8,79,4,38,5,9,3,13,0,0,1,1,31:03,28:57
202409300mia,Tennessee Titans,Miami Dolphins,31,12,13,16,30,106,1,40,142,2,14,22,96,0,0,12,21,110,0,1,2,18,1,8,78,102,184,244,1,1,0,0,1,1,10,98,8,69,2,12,2,12,1,3,1,1,25:08,34:52
202409300det,Detroit Lions,Seattle Seahawks,42,29,21,38,28,116,3,19,133,3,19,19,299,3,0,38,56,395,1,1,3,26,3,12,273,383,389,516,0,0,1,1,0,2,12,101,8,70,3,6,5,10,0,0,1,2,25:56,34:04
202410030atl,Atlanta Falcons,Tampa Bay Buccaneers,36,30,28,21,18,73,0,26,160,0,42,59,509,4,1,19,24,180,3,0,4,32,1,7,477,173,550,333,1,0,2,1,1,1,8,74,5,47,6,14,6,11,2,3,0,0,33:37,27:38
202410060min,Minnesota Vikings,New York Jets,23,17,17,17,30,82,1,14,36,0,15,32,203,0,1,29,54,244,2,3,4,32,3,26,171,218,253,254,2,1,1,0,2,3,11,80,8,76,4,13,5,17,0,1,0,1,30:37,29:23
202410060htx,Houston Texans,Buffalo Bills,23,20,18,16,28,94,1,28,150,1,28,38,331,1,1,9,30,131,1,0,1,0,1,5,331,126,425,276,1,1,0,0,2,0,7,65,4,25,8,16,3,14,0,1,1,1,33:10,26:50
202410060chi,Chicago Bears,Carolina Panthers,36,10,24,14,39,128,3,19,120,1,20,29,304,2,0,22,35,194,0,1,1,8,4,22,296,172,424,292,0,0,4,2,0,3,5,46,4,18,4,11,3,12,0,1,1,3,33:48,26:12
202410060cin,Baltimore Ravens,Cincinnati Bengals,41,38,23,30,23,71,0,34,175,1,30,39,392,5,1,26,42,348,4,0,3,21,1,3,371,345,442,520,0,0,2,1,1,1,4,24,5,21,8,14,10,15,0,0,1,1,32:42,33:45
202410060was,Washington Commanders,Cleveland Browns,34,13,19,12,34,215,3,23,104,0,15,28,236,1,1,16,29,141,1,0,3,17,7,33,219,108,434,212,2,1,1,1,2,1,5,31,9,52,8,17,1,13,2,2,2,3,31:18,28:42
202410060jax,Jacksonville Jaguars,Indianapolis Colts,37,34,20,25,23,126,2,20,99,1,28,34,371,2,1,34,45,383,3,0,0,0,4,35,371,348,497,447,2,1,1,1,2,1,3,25,5,34,3,10,7,14,1,2,1,1,28:28,31:32
202410060nwe,Miami Dolphins,New England Patriots,15,10,15,24,19,151,1,41,193,1,18,34,160,0,0,18,31,194,0,1,2,12,3,15,148,179,299,372,0,0,3,1,0,2,12,105,6,54,4,13,2,11,0,1,0,1,25:40,34:20
202410060sfo,Arizona Cardinals,San Francisco 49ers,24,23,22,19,26,153,0,26,169,1,19,35,244,1,2,19,30,195,1,1,2,13,1,6,231,189,384,358,1,1,1,0,3,1,4,21,1,5,6,11,3,10,0,1,1,1,32:58,27:02
202410060den,Denver Broncos,Las Vegas Raiders,34,18,18,20,28,109,1,25,115,1,19,27,206,2,0,22,37,231,1,3,3,26,3,16,180,215,289,330,1,0,0,0,0,3,9,44,11,79,3,12,7,15,1,1,0,1,28:37,31:23
202410060ram,Green Bay Packers,Los Angeles Rams,24,19,24,19,28,134,1,30,126,1,29,45,260,1,1,15,26,224,2,1,3,24,2,22,236,202,370,328,1,1,1,0,2,1,5,30,7,39,8,16,1,8,2,4,0,0,32:41,27:19
202410060sea,New York Giants,Seattle Seahawks,29,20,17,24,11,102,0,34,175,0,28,40,284,1,0,23,34,257,2,0,7,53,3,12,231,245,333,420,1,1,2,1,1,1,6,30,2,20,3,11,7,16,0,2,0,1,22:38,37:22
202410060pit,Dallas Cowboys,Pittsburgh Steelers,20,17,17,25,26,92,0,31,109,0,16,28,150,2,0,29,42,352,2,2,3,16,2,16,134,336,226,445,2,1,2,1,1,3,8,50,11,87,3,12,9,15,2,2,1,1,27:31,32:29
202410070kan,Kansas City Chiefs,New Orleans Saints,26,13,28,14,39,139,2,15,46,0,28,39,331,0,1,20,35,182,2,1,2,10,1,8,321,174,460,220,1,0,0,0,1,1,6,55,5,70,6,14,4,10,1,1,0,2,39:56,20:04
202410100sea,San Francisco 49ers,Seattle Seahawks,36,24,22,21,20,52,1,33,228,1,30,52,312,1,2,18,28,255,3,0,1,6,0,0,306,255,358,483,2,1,0,0,3,0,9,69,5,34,7,16,5,12,2,3,0,0,26:57,33:03
202410130chi,Chicago Bears,Jacksonville Jaguars,35,16,25,17,29,152,1,20,68,0,23,29,226,4,1,24,36,240,2,1,3,5,4,30,221,210,373,278,1,0,2,1,1,2,2,10,8,43,5,11,7,15,1,1,2,2,30:40,29:20
202410130phi,Philadelphia Eagles,Cleveland Browns,20,16,19,14,36,116,0,25,100,0,16,25,264,2,0,16,23,168,0,0,1,8,5,24,256,144,372,244,1,0,0,0,0,0,5,40,7,55,5,14,3,12,2,2,1,1,28:33,31:27
202410130oti,Indianapolis Colts,Tennessee Titans,20,17,16,20,28,146,1,28,80,0,16,27,95,1,1,22,38,189,2,1,0,0,0,0,95,189,241,269,1,0,0,0,1,1,11,113,5,40,4,11,7,15,1,1,1,1,30:32,29:28
202410130gnb,Green Bay Packers,Arizona Cardinals,34,13,27,16,38,179,0,23,89,0,22,32,258,4,1,22,32,214,1,0,0,0,0,0,258,214,437,303,0,0,3,3,1,3,5,40,13,100,7,12,4,10,1,1,0,0,36:35,23:25
202410130nwe,Houston Texans,New England Patriots,41,21,17,20,26,82,0,28,192,2,20,33,243,3,2,20,32,192,3,1,4,34,2,16,209,176,291,368,3,2,1,0,4,1,9,50,4,38,3,13,4,11,2,2,0,0,29:13,30:47
202410130nor,Tampa Bay Buccaneers,New Orleans Saints,51,27,19,31,21,81,1,35,277,2,22,40,243,1,2,24,36,325,4,3,5,21,1,8,222,317,303,594,3,1,1,0,3,3,7,70,12,86,4,13,6,10,1,1,0,0,25:58,34:02
202410130rav,Baltimore Ravens,Washington Commanders,30,23,28,18,37,176,2,18,52,0,20,26,323,1,1,24,35,269,2,0,2,15,3,16,308,253,484,305,1,0,0,0,1,0,3,33,6,46,6,10,4,12,0,0,1,1,36:08,23:52
202410130den,Los Angeles Chargers,Denver Broncos,23,16,17,22,18,110,0,38,128,1,19,33,216,2,1,21,34,237,1,0,2,10,3,15,206,222,316,350,1,1,1,0,2,0,7,37,3,20,3,11,11,18,2,2,0,0,22:37,37:23
202410130rai,Pittsburgh Steelers,Las Vegas Raiders,32,13,16,18,19,57,1,35,183,3,27,40,227,1,1,14,24,145,0,0,1,9,3,35,218,110,275,293,3,2,1,0,3,0,4,42,7,50,2,11,4,13,1,3,1,1,28:09,31:51
202410130car,Atlanta Falcons,Carolina Panthers,38,20,21,25,24,114,0,38,198,3,26,38,221,2,2,19,30,225,1,0,0,0,0,0,221,225,335,423,2,0,1,1,2,1,10,74,5,45,5,11,6,12,0,1,0,0,29:20,30:40
202410130dal,Detroit Lions,Dallas Cowboys,47,9,16,27,17,53,0,36,184,2,25,44,224,0,3,19,27,334,3,0,4,26,3,26,198,308,251,492,2,2,1,0,5,0,4,30,8,63,3,13,4,10,1,4,1,2,25:17,34:43
202410130nyg,Cincinnati Bengals,New York Giants,17,7,24,13,31,119,1,20,121,2,22,41,205,0,1,19,28,208,0,0,2,15,4,25,190,183,309,304,0,0,2,1,1,1,2,9,6,67,5,15,4,11,3,5,0,0,34:07,25:53
202410140nyj,Buffalo Bills,New York Jets,23,20,20,24,21,121,0,33,149,1,23,35,294,2,1,19,25,215,2,0,3,22,2,5,272,210,393,359,1,0,1,0,1,0,11,110,11,94,4,12,5,11,0,0,0,0,30:26,29:34
202410170nor,Denver Broncos,New Orleans Saints,33,10,15,22,21,97,0,35,225,2,28,39,210,1,0,16,26,164,0,0,6,36,0,0,174,164,271,389,2,2,1,1,2,1,5,35,7,47,5,17,4,11,3,4,0,0,26:44,33:16
202410200jax,Jacksonville Jaguars,New England Patriots,32,16,23,17,39,171,2,15,38,0,15,20,193,1,0,26,37,276,2,0,0,0,2,19,193,257,364,295,0,0,0,0,0,0,4,24,7,35,6,10,6,12,0,1,0,1,33:15,26:45
202410200min,Detroit Lions,Minnesota Vikings,31,29,16,19,21,139,1,27,144,2,22,27,259,1,1,22,25,280,2,0,4,15,4,33,244,247,383,391,0,0,3,1,1,1,8,59,8,49,4,10,4,10,0,0,0,1,30:57,29:03
202410200atl,Seattle Seahawks,Atlanta Falcons,34,14,22,20,32,155,1,26,103,1,25,36,246,1,2,19,29,242,2,0,3,32,1,6,214,236,369,339,1,1,1,0,3,0,9,72,5,42,8,15,4,11,2,2,1,1,31:08,28:52
202410200buf,Buffalo Bills,Tennessee Titans,34,10,18,18,20,74,2,24,89,0,21,33,323,2,0,25,40,215,1,1,1,8,3,15,315,200,389,289,1,0,4,1,0,2,5,40,8,52,3,10,6,16,0,0,1,2,27:14,32:46
202410200cle,Cincinnati Bengals,Cleveland Browns,21,14,18,12,21,77,1,25,59,0,31,52,277,1,2,15,25,181,2,0,4,18,3,17,259,164,336,223,1,0,0,0,2,0,10,80,3,37,8,19,2,13,1,2,0,1,34:29,25:31
202410200clt,Indianapolis Colts,Miami Dolphins,16,10,16,18,37,155,1,40,188,0,10,24,129,0,0,15,26,161,1,0,0,0,2,12,129,149,284,337,1,1,2,2,1,2,4,25,6,50,4,13,6,15,0,0,0,1,28:49,31:11
202410200gnb,Green Bay Packers,Houston Texans,24,22,18,15,20,82,0,33,142,2,24,33,220,3,2,10,21,86,0,0,3,25,4,31,195,55,277,197,1,1,0,0,3,0,8,55,5,55,4,10,4,13,0,0,0,0,28:43,31:17
202410200nyg,Philadelphia Eagles,New York Giants,28,3,10,20,18,76,0,45,269,3,17,29,105,0,0,10,15,114,1,0,8,62,5,44,43,70,119,339,3,0,0,0,0,0,5,35,6,35,3,14,1,13,0,0,3,3,24:40,35:20
202410200was,Washington Commanders,Carolina Panthers,40,7,26,10,37,214,1,23,95,1,20,25,211,2,0,13,18,89,0,2,1,4,2,4,207,85,421,180,1,0,1,0,0,2,8,55,6,59,5,10,3,10,0,0,0,1,35:05,24:55
202410200ram,Los Angeles Rams,Las Vegas Raiders,20,15,15,20,28,115,2,29,122,0,14,23,154,0,1,21,44,206,0,3,1,10,2,11,144,195,259,317,0,0,1,1,1,4,3,28,10,80,2,10,3,15,0,1,1,1,26:12,33:48
202410200sfo,Kansas City Chiefs,San Francisco 49ers,28,18,19,22,24,101,2,39,184,4,17,31,212,0,3,16,27,154,0,2,1,3,2,9,209,145,310,329,1,0,0,0,3,2,6,40,4,48,2,11,8,14,1,1,1,2,24:56,35:04
202410200pit,Pittsburgh Steelers,New York Jets,37,15,21,17,36,149,2,15,54,1,16,29,264,2,0,24,39,276,1,2,1,4,1,7,260,269,409,323,0,0,2,0,0,2,4,36,5,50,5,14,3,10,2,2,1,2,32:09,27:51
202410210tam,Baltimore Ravens,Tampa Bay Buccaneers,41,31,28,22,30,125,1,30,244,0,31,45,370,3,2,17,22,281,5,0,3,14,2,17,356,264,481,508,1,0,2,1,2,1,8,75,9,85,11,17,3,8,1,1,1,1,35:05,24:55
202410210crd,Arizona Cardinals,Los Angeles Chargers,17,15,22,20,29,181,1,22,59,0,14,26,145,1,1,27,39,349,0,0,0,0,3,13,145,336,326,395,1,0,3,2,1,2,3,15,5,57,2,7,6,14,0,1,1,1,25:46,34:14
202410240ram,Los Angeles Rams,Minnesota Vikings,30,20,26,17,32,107,0,22,64,0,25,34,279,4,1,18,25,240,2,0,0,0,3,28,279,212,386,276,0,0,0,0,1,0,6,40,9,50,4,10,2,7,1,1,0,0,33:37,26:23
202410270det,Detroit Lions,Tennessee Titans,52,14,17,23,24,164,2,32,158,1,15,19,94,4,0,22,38,266,1,2,4,33,1,8,61,258,225,416,2,0,3,2,0,4,3,29,8,60,3,9,3,11,0,0,1,2,24:23,35:37
202410270tam,Atlanta Falcons,Tampa Bay Buccaneers,31,26,24,20,22,102,0,29,129,0,37,50,330,3,2,23,29,276,4,0,0,0,2,11,330,265,432,394,2,1,1,0,3,0,6,45,4,43,9,14,6,12,1,2,2,2,32:34,27:26
202410270cin,Philadelphia Eagles,Cincinnati Bengals,37,17,18,24,20,58,1,39,161,3,26,37,234,1,1,16,20,236,1,0,1,12,0,0,222,236,280,397,3,1,0,0,2,0,1,3,4,40,10,13,6,11,0,1,1,1,28:12,31:48
202410270cle,Cleveland Browns,Baltimore Ravens,29,24,22,22,23,80,0,21,124,1,27,41,334,3,0,23,38,289,2,0,2,13,3,26,321,263,401,387,1,1,0,0,1,0,7,74,7,53,8,15,2,10,0,0,0,2,31:06,28:54
202410270htx,Houston Texans,Indianapolis Colts,23,20,21,17,29,96,1,26,163,1,25,37,285,1,0,10,32,175,1,1,2,18,5,35,267,140,363,303,1,1,2,1,1,2,5,30,9,57,4,13,2,13,0,0,2,2,35:20,24:40
202410270mia,Arizona Cardinals,Miami Dolphins,28,27,22,22,25,150,2,26,82,1,28,38,234,1,0,26,36,307,2,0,1,7,0,0,227,307,377,389,4,0,1,0,0,0,2,15,4,29,11,15,7,13,0,0,0,0,30:31,29:29
202410270jax,Green Bay Packers,Jacksonville Jaguars,30,27,19,22,23,91,1,39,170,2,21,32,308,2,1,18,27,252,1,1,1,9,1,0,299,252,390,422,2,1,0,0,2,1,8,59,3,20,1,9,3,11,1,1,0,0,25:51,34:09
202410270nwe,New England Patriots,New York Jets,25,22,19,22,31,112,3,28,112,1,18,30,155,0,0,17,28,233,2,0,2,19,1,9,136,224,248,336,2,0,2,0,0,0,5,50,8,55,7,15,4,10,1,1,0,0,30:26,29:34
202410270sea,Buffalo Bills,Seattle Seahawks,31,10,17,29,17,32,1,34,164,2,21,29,212,0,1,24,34,283,2,1,1,11,1,2,201,281,233,445,3,1,1,0,2,1,11,82,13,85,1,7,8,15,0,1,1,1,21:57,38:03
202410270sdg,Los Angeles Chargers,New Orleans Saints,26,8,19,15,29,122,1,21,117,0,20,32,279,2,0,22,42,281,0,0,3,23,5,32,256,249,378,366,2,0,0,0,0,0,4,34,7,66,3,12,2,16,0,1,1,1,31:08,28:52
202410270was,Washington Commanders,Chicago Bears,18,15,23,15,32,168,0,33,202,2,21,38,326,1,0,10,24,131,0,0,2,13,3,26,313,105,481,307,1,0,1,1,0,1,5,30,8,60,5,15,2,12,0,0,0,1,32:16,27:44
202410270rai,Kansas City Chiefs,Las Vegas Raiders,27,20,15,23,21,33,0,29,82,1,24,30,209,2,0,27,38,262,2,1,5,14,1,10,195,252,228,334,1,1,1,0,1,1,5,32,8,55,6,13,12,16,1,2,0,0,27:30,32:30
202410270den,Denver Broncos,Carolina Panthers,28,14,23,16,32,102,1,20,69,0,30,39,315,3,0,24,38,224,2,2,2,17,2,9,298,215,400,284,2,2,0,0,2,2,4,43,8,49,11,17,5,14,1,2,1,4,33:10,26:50
202410270sfo,San Francisco 49ers,Dallas Cowboys,30,24,19,18,36,223,2,19,56,1,18,26,260,1,0,25,38,243,2,2,2,14,2,7,246,236,469,292,1,0,2,0,0,2,9,73,6,30,8,16,4,12,0,1,1,2,33:12,26:48
202410280pit,Pittsburgh Steelers,New York Giants,26,18,20,17,31,167,0,25,157,1,20,28,278,1,0,24,38,264,0,1,4,19,4,27,259,237,426,394,1,1,1,1,1,2,5,50,11,65,6,13,5,15,0,0,1,1,29:18,30:42
202410310nyj,New York Jets,Houston Texans,21,13,17,21,21,100,0,36,187,1,22,32,211,3,0,11,31,191,0,0,2,18,8,56,193,135,293,322,2,1,2,1,1,1,9,83,7,60,5,12,6,17,1,1,2,2,26:18,33:42
202411030atl,Atlanta Falcons,Dallas Cowboys,27,21,17,23,30,100,1,21,137,0,19,24,222,3,0,31,50,248,2,0,2,12,3,7,210,241,310,378,3,1,1,0,1,0,4,26,9,55,4,13,3,13,2,2,1,5,29:20,30:40
202411030buf,Buffalo Bills,Miami Dolphins,30,27,24,26,19,94,0,31,149,1,25,39,235,3,1,25,28,231,2,0,1,4,1,7,231,224,325,373,0,0,1,1,1,1,4,40,8,57,5,10,4,8,1,1,1,1,28:07,31:53
202411030car,Carolina Panthers,New Orleans Saints,23,22,15,25,23,80,2,41,197,1,16,26,171,1,1,18,32,236,1,0,1,5,1,6,166,230,246,427,0,0,0,0,1,0,6,55,10,109,4,10,5,15,0,0,2,3,25:41,34:19
202411030cin,Cincinnati Bengals,Las Vegas Raiders,41,24,26,16,31,130,0,21,60,1,27,39,251,5,1,21,33,198,1,0,1,8,5,41,243,157,373,217,0,0,2,2,1,2,7,60,6,51,8,15,5,13,1,1,0,1,35:14,24:46
202411030cle,Los Angeles Chargers,Cleveland Browns,27,10,21,13,24,79,0,23,96,2,26,46,235,1,3,18,27,282,2,0,6,22,6,36,213,246,292,342,1,0,0,0,3,0,4,25,5,35,6,17,5,14,2,3,1,1,34:09,25:51
202411030rav,Baltimore Ravens,Denver Broncos,41,10,25,20,34,127,2,30,122,0,16,19,280,3,0,20,34,225,1,1,1,11,4,28,269,197,396,319,2,0,0,0,0,1,6,53,9,71,3,8,6,14,0,0,1,5,31:51,28:09
202411030oti,Tennessee Titans,New England Patriots,20,17,24,20,39,167,0,20,110,1,20,33,240,2,1,29,41,206,1,2,1,7,4,21,233,185,400,295,3,0,2,1,1,3,10,67,8,58,7,16,3,11,0,1,1,1,38:44,29:09
202411030nyg,Washington Commanders,New York Giants,27,22,25,21,31,164,1,38,149,1,20,26,174,2,0,15,22,209,2,0,2,12,0,0,162,209,326,358,1,1,0,0,1,0,4,51,5,52,6,11,5,12,2,2,2,2,32:00,28:00
202411030crd,Arizona Cardinals,Chicago Bears,29,9,18,16,34,213,3,23,69,0,13,20,154,0,0,22,41,217,0,0,3,17,6,45,137,172,350,241,2,2,1,0,2,0,2,15,6,33,5,13,3,14,0,1,2,4,28:59,31:01
202411030phi,Philadelphia Eagles,Jacksonville Jaguars,28,23,21,14,46,237,2,18,60,2,18,24,230,2,0,16,31,169,0,2,3,20,2,14,210,155,447,215,1,1,1,1,1,3,8,67,4,17,9,17,3,10,0,2,1,2,38:12,21:48
202411030gnb,Detroit Lions,Green Bay Packers,24,14,20,17,23,138,1,32,124,1,23,39,273,0,1,18,22,145,1,0,0,0,1,8,273,137,411,261,3,0,0,0,1,0,10,67,5,51,3,12,4,12,2,3,2,2,28:49,31:11
202411030sea,Los Angeles Rams,Seattle Seahawks,26,20,20,22,33,107,0,24,68,0,21,34,363,3,3,25,44,298,2,1,7,46,0,0,317,298,424,366,2,0,3,0,3,1,12,95,8,83,4,15,3,13,2,3,0,0,32:53,32:10
202411030min,Minnesota Vikings,Indianapolis Colts,21,13,29,13,32,133,0,19,68,0,29,35,312,3,2,16,27,179,0,1,4,30,3,20,282,159,415,227,1,1,1,1,3,2,3,41,7,50,6,12,3,11,1,1,1,2,36:54,23:06
202411040kan,Kansas City Chiefs,Tampa Bay Buccaneers,30,24,28,17,35,124,1,19,95,1,34,44,291,3,0,23,31,200,2,0,4,31,2,11,260,189,384,284,1,1,0,0,1,0,3,30,6,50,12,18,5,11,1,1,0,0,40:42,25:10
202411070rav,Baltimore Ravens,Cincinnati Bengals,35,34,20,27,25,99,1,16,49,1,25,33,290,4,0,34,56,428,4,0,0,0,3,7,290,421,389,470,0,0,3,1,0,1,11,81,3,23,7,12,8,16,0,0,2,4,28:25,31:35
202411100car,Carolina Panthers,New York Giants,20,17,15,24,32,188,1,34,167,2,15,25,126,1,0,22,37,190,0,2,1,8,2,15,118,175,306,342,2,1,2,1,1,3,10,87,3,15,6,15,7,15,0,0,0,0,27:38,34:29
202411100chi,New England Patriots,Chicago Bears,19,3,11,16,20,73,0,35,144,0,16,30,120,0,0,15,25,184,1,1,9,51,1,0,69,184,142,328,0,0,2,0,0,1,5,25,7,40,1,14,5,14,2,4,1,1,27:32,32:28
202411100was,Pittsburgh Steelers,Washington Commanders,28,27,19,21,22,60,3,43,140,1,17,34,202,0,0,14,29,195,3,1,3,20,3,23,182,172,242,312,2,1,1,1,1,2,5,41,5,49,5,14,7,16,0,1,1,2,23:49,36:11
202411100tam,San Francisco 49ers,Tampa Bay Buccaneers,23,20,18,24,27,110,1,22,75,0,18,29,116,1,0,25,36,353,2,0,2,11,3,15,105,338,215,413,3,0,2,1,0,1,5,42,6,49,5,14,5,11,1,1,0,0,28:12,31:48
202411100nor,New Orleans Saints,Atlanta Falcons,20,17,14,25,27,96,0,32,181,2,16,25,269,2,0,23,38,306,0,1,0,0,3,19,269,287,365,468,1,0,2,0,0,1,8,76,6,45,5,13,5,14,0,1,1,2,24:53,35:07
202411100clt,Buffalo Bills,Indianapolis Colts,30,20,19,21,22,121,0,31,135,2,26,35,272,2,3,22,37,280,0,2,4,32,2,0,240,280,361,415,2,1,1,0,4,2,5,25,8,54,4,11,7,14,2,3,2,3,27:52,32:08
202411100kan,Kansas City Chiefs,Denver Broncos,16,14,19,16,19,57,0,23,78,0,28,42,266,1,0,22,30,215,2,0,4,23,2,33,243,182,300,260,0,0,1,0,0,0,3,10,6,35,7,16,7,13,2,2,0,0,33:21,26:39
202411100jax,Minnesota Vikings,Jacksonville Jaguars,12,7,10,28,18,56,1,43,169,0,14,22,111,0,2,24,38,241,0,3,3,24,1,8,87,233,143,402,1,1,0,0,3,3,3,25,6,40,5,11,5,14,0,0,1,1,17:41,42:19
202411100sdg,Los Angeles Chargers,Tennessee Titans,27,17,23,19,39,145,2,21,132,0,14,18,164,1,0,18,23,175,2,0,0,0,7,18,164,157,309,289,0,0,1,0,0,0,5,30,9,68,4,10,3,9,1,1,0,0,30:59,29:01
202411100dal,Philadelphia Eagles,Dallas Cowboys,34,6,11,24,24,97,0,38,187,2,17,29,66,0,1,15,22,207,2,1,3,17,5,46,49,161,146,348,4,4,1,1,5,2,5,40,7,49,3,14,4,11,2,2,1,1,25:59,34:01
202411100crd,Arizona Cardinals,New York Jets,31,6,28,17,32,147,3,17,79,0,22,24,266,1,0,22,35,151,0,0,1,7,3,23,259,128,406,207,1,0,1,1,0,1,5,58,3,25,5,7,6,13,1,1,1,3,32:42,27:18
202411100htx,Detroit Lions,Houston Texans,26,23,16,19,28,56,1,32,105,1,19,33,232,1,2,15,30,240,2,5,4,40,0,0,192,240,248,345,1,0,1,0,2,5,4,30,4,61,6,15,7,12,0,0,0,0,32:28,27:32
202411110ram,Miami Dolphins,Los Angeles Rams,23,15,20,15,18,70,0,22,67,1,32,46,293,0,1,20,28,207,1,1,4,36,3,36,257,171,327,238,3,1,1,1,2,2,6,64,1,15,3,12,6,13,0,0,0,0,30:12,29:48
202411140phi,Philadelphia Eagles,Washington Commanders,26,18,23,18,40,228,3,28,93,1,18,28,221,0,0,22,32,191,1,1,2,15,3,20,206,171,434,264,1,0,1,0,0,1,4,49,4,25,9,16,3,12,0,0,1,2,33:04,26:56
202411170chi,Green Bay Packers,Chicago Bears,20,19,23,19,34,179,2,25,106,2,23,31,231,0,0,13,17,261,1,1,3,19,1,1,212,260,391,366,0,0,0,0,0,1,7,50,3,25,9,16,1,5,3,3,0,1,36:21,23:39
202411170nor,New Orleans Saints,Cleveland Browns,35,14,19,22,28,214,3,20,66,0,22,29,266,2,1,30,47,395,2,0,1,7,3,18,259,377,473,443,2,1,0,0,2,0,5,41,3,14,5,10,3,13,1,1,1,3,30:38,29:22
202411170det,Detroit Lions,Jacksonville Jaguars,52,6,38,10,43,196,3,17,41,0,27,33,449,4,0,17,29,138,0,1,0,0,1,9,449,129,645,170,0,0,0,0,0,1,4,46,6,40,6,10,2,10,3,3,1,2,39:06,20:54
202411170mia,Miami Dolphins,Las Vegas Raiders,34,19,25,22,26,82,1,16,60,0,28,36,288,3,0,30,43,282,2,1,2,17,3,14,271,268,353,328,1,0,0,0,0,1,4,23,7,49,8,12,8,14,2,2,2,2,33:12,26:48
202411170oti,Minnesota Vikings,Tennessee Titans,23,13,11,24,19,33,0,33,82,1,17,31,295,1,1,20,32,246,2,0,5,34,2,10,261,236,294,318,0,0,2,1,1,1,13,91,3,35,6,15,5,14,0,2,0,0,27:29,32:31
202411170pit,Pittsburgh Steelers,Baltimore Ravens,18,16,18,16,34,122,0,19,124,1,23,36,205,0,1,16,33,207,1,1,4,24,2,2,181,205,303,329,0,0,2,2,1,3,7,45,12,80,4,16,4,11,0,1,0,0,36:22,23:38
202411170nyj,Indianapolis Colts,New York Jets,28,27,10,18,20,91,1,35,91,2,22,29,184,2,0,20,30,272,1,0,3,22,2,31,162,241,253,332,1,0,2,1,0,1,2,14,5,40,4,13,6,15,0,1,1,2,25:43,34:17
202411170nwe,Los Angeles Rams,New England Patriots,28,22,26,19,30,125,0,24,107,0,29,39,282,2,1,18,27,295,4,0,3,25,0,0,257,295,382,402,2,1,0,0,2,0,7,45,7,66,6,14,2,8,0,0,1,1,37:20,22:40
202411170sfo,Seattle Seahawks,San Francisco 49ers,20,17,21,19,27,131,1,23,94,2,21,28,159,1,1,25,32,221,0,1,2,13,4,26,146,195,277,289,0,0,1,0,1,1,9,54,4,20,7,11,6,13,0,0,1,2,33:25,26:35
202411170den,Denver Broncos,Atlanta Falcons,38,6,22,13,26,105,1,21,50,0,28,33,307,4,0,20,31,197,0,1,1,12,4,21,295,176,400,226,1,0,1,0,0,1,4,45,6,52,6,11,4,13,1,1,2,2,30:05,29:55
202411170buf,Buffalo Bills,Kansas City Chiefs,30,21,24,19,31,104,3,17,78,0,27,40,262,1,1,23,33,196,3,2,0,0,2,15,262,181,366,259,0,0,0,0,1,2,3,24,6,57,9,15,5,10,1,2,0,1,34:03,25:57
202411170sdg,Los Angeles Chargers,Cincinnati Bengals,34,27,24,24,25,155,2,25,110,0,17,36,297,2,0,28,50,356,3,0,2,17,3,14,280,342,435,452,1,1,0,0,1,0,5,50,8,56,3,11,5,17,1,1,3,3,25:52,34:08
202411180dal,Houston Texans,Dallas Cowboys,34,10,24,21,18,64,0,25,141,3,33,56,358,1,1,23,34,257,0,1,5,34,1,7,324,250,388,391,3,1,0,0,2,1,9,66,9,69,5,15,4,12,0,4,1,2,29:23,30:37
202411210cle,Cleveland Browns,Pittsburgh Steelers,24,19,17,17,27,85,3,34,120,1,18,27,219,0,1,21,29,270,1,0,1,0,4,22,219,248,304,368,3,2,2,1,3,1,8,48,6,39,1,10,7,16,4,4,1,3,24:58,35:02
202411240car,Kansas City Chiefs,Carolina Panthers,30,27,21,27,21,85,1,26,165,0,21,35,263,1,0,27,37,269,3,0,2,14,5,43,249,226,334,391,1,0,1,0,0,0,9,53,10,91,5,13,8,13,2,2,1,1,27:44,32:16
202411240chi,Minnesota Vikings,Chicago Bears,30,27,20,22,22,78,1,27,124,1,32,48,340,2,0,23,35,344,2,0,3,20,3,16,320,328,398,452,2,1,1,1,1,1,7,80,5,45,6,17,6,13,2,3,0,1,34:24,33:26
202411240was,Dallas Cowboys,Washington Commanders,34,26,19,19,25,145,1,28,91,0,25,38,275,2,2,24,32,247,2,0,4,8,1,6,267,241,412,332,2,1,3,1,3,1,8,78,4,20,4,12,2,11,0,0,0,0,24:48,35:12
202411240mia,Miami Dolphins,New England Patriots,34,15,23,14,24,65,0,21,86,0,29,40,317,4,0,22,38,222,1,1,2,9,4,39,308,183,373,269,1,1,1,1,1,2,3,17,10,75,4,12,3,14,0,0,1,3,32:04,27:56
202411240nyg,Tampa Bay Buccaneers,New York Giants,30,7,17,24,20,76,1,32,157,4,22,32,192,0,0,24,30,294,0,0,4,23,0,0,169,294,245,451,2,1,4,1,1,1,4,42,4,29,5,11,6,11,0,2,1,2,26:01,33:59
202411240clt,Detroit Lions,Indianapolis Colts,24,6,11,26,21,96,0,33,137,3,11,28,172,0,0,26,36,269,0,0,0,0,3,16,172,253,268,390,2,0,1,0,0,0,10,75,5,45,3,12,9,15,0,1,0,1,22:59,37:01
202411240htx,Tennessee Titans,Houston Texans,32,27,12,19,17,40,0,33,132,1,20,33,247,2,2,18,25,278,2,1,4,27,8,41,220,237,260,369,0,0,3,2,2,3,11,81,6,35,3,13,4,14,0,0,1,1,25:31,34:29
202411240rai,Denver Broncos,Las Vegas Raiders,29,19,21,19,16,69,0,22,63,0,31,53,328,1,1,25,42,273,2,0,5,28,1,11,300,262,369,325,2,1,0,0,2,0,4,44,6,58,4,14,6,15,2,2,0,0,28:49,31:11
202411240sea,Seattle Seahawks,Arizona Cardinals,16,6,17,15,25,65,0,14,49,0,22,31,254,1,1,24,37,285,0,1,5,34,5,36,220,249,285,298,1,0,0,0,1,1,5,51,5,60,7,14,3,12,0,0,0,1,33:13,26:47
202411240gnb,Green Bay Packers,San Francisco 49ers,38,10,22,11,42,169,3,16,44,0,13,23,163,2,0,17,29,199,1,1,2,7,2,2,156,197,325,241,0,0,5,2,0,3,5,40,9,77,6,13,3,10,1,2,0,2,36:43,23:17
202411240ram,Philadelphia Eagles,Los Angeles Rams,37,20,23,24,18,92,1,45,314,3,24,36,243,2,0,15,22,179,1,0,5,45,1,12,198,167,290,481,4,1,0,0,1,0,4,38,4,52,0,8,9,15,3,3,0,1,26:19,33:41
202411250sdg,Baltimore Ravens,Los Angeles Chargers,30,23,19,19,20,83,2,37,212,2,21,36,218,0,0,16,22,177,2,0,4,16,1,0,202,177,285,389,1,0,0,0,0,0,7,62,9,102,5,14,8,15,2,2,3,3,29:03,30:57
202411280det,Detroit Lions,Chicago Bears,23,20,25,17,33,194,0,15,78,0,21,34,221,2,0,20,39,256,3,0,2,10,5,33,211,223,405,301,2,1,0,0,1,0,6,79,8,78,5,14,7,15,1,1,0,2,35:14,24:46
202411280dal,Dallas Cowboys,New York Giants,27,20,21,17,32,122,1,21,116,2,21,36,195,1,0,21,32,178,0,1,0,0,6,47,195,131,317,247,2,0,2,1,0,2,6,48,13,98,7,15,3,12,0,1,1,1,31:36,28:24
202411280gnb,Green Bay Packers,Miami Dolphins,30,17,19,21,25,114,1,14,39,0,21,28,274,2,0,37,46,365,2,0,0,0,5,29,274,336,388,375,0,0,2,1,0,1,7,44,10,75,5,11,4,14,0,0,3,5,26:56,33:04
202411290kan,Kansas City Chiefs,Las Vegas Raiders,19,17,18,20,16,63,0,25,116,0,26,46,306,1,0,23,35,340,2,0,5,40,3,22,266,318,329,434,1,0,2,1,0,1,7,40,9,101,7,16,3,12,0,0,0,1,28:48,31:12
202412010atl,Los Angeles Chargers,Atlanta Falcons,17,13,24,10,37,116,1,17,56,0,24,39,245,0,4,17,24,150,0,0,1,11,5,19,234,131,350,187,1,0,2,1,4,1,2,10,7,33,3,14,3,11,2,4,0,1,35:55,24:05
202412010cin,Pittsburgh Steelers,Cincinnati Bengals,44,38,25,28,15,93,1,26,110,1,28,38,309,3,1,29,38,414,3,1,4,27,2,4,282,410,375,520,2,2,1,0,3,1,11,101,9,103,4,8,4,9,0,0,0,0,28:51,31:09
202412010min,Minnesota Vikings,Arizona Cardinals,23,22,19,25,15,68,0,31,154,0,21,31,235,2,0,31,45,260,1,2,5,30,1,8,205,252,273,406,2,1,1,0,1,2,3,56,10,96,1,8,5,13,1,1,0,1,24:11,35:49
202412010nyj,Seattle Seahawks,New York Jets,26,21,17,16,21,89,0,23,84,1,21,39,185,2,1,20,31,206,1,0,2,16,3,31,169,175,258,259,2,1,3,2,2,2,12,83,5,50,5,13,4,13,1,3,1,2,28:39,31:21
202412010was,Washington Commanders,Tennessee Titans,42,19,29,12,45,267,3,11,35,0,25,30,206,3,1,18,37,212,2,0,2,10,2,2,196,210,463,245,1,0,3,2,1,2,7,65,12,93,9,14,5,12,1,1,0,1,40:13,19:47
202412010nwe,Indianapolis Colts,New England Patriots,25,24,23,20,31,200,1,34,144,1,24,30,238,1,1,12,24,109,2,2,4,16,0,0,222,109,422,253,2,0,1,0,1,2,7,88,2,15,6,11,5,11,0,0,3,3,34:12,25:48
202412010jax,Houston Texans,Jacksonville Jaguars,23,20,19,20,25,97,0,25,108,1,24,42,276,2,1,22,34,242,1,0,0,0,2,24,276,218,373,326,1,0,0,0,1,0,4,30,3,15,5,15,5,13,2,2,1,1,27:43,32:17
202412010car,Tampa Bay Buccaneers,Carolina Panthers,26,23,19,27,21,78,1,39,236,1,26,46,298,1,0,22,34,240,1,2,1,9,4,31,289,209,367,445,1,1,2,0,1,2,7,62,7,54,6,16,2,12,0,0,1,1,27:39,39:31
202412010nor,Los Angeles Rams,New Orleans Saints,21,14,19,22,31,143,0,29,156,1,24,37,184,1,0,14,24,183,2,0,0,0,2,17,184,166,327,322,0,0,0,0,0,0,4,38,3,30,5,15,4,9,2,3,1,2,32:37,27:23
202412010rav,Philadelphia Eagles,Baltimore Ravens,24,19,24,17,32,166,0,33,140,2,23,36,237,2,0,11,19,118,1,0,3,31,2,6,206,112,372,252,3,0,2,0,0,0,4,20,8,55,6,15,4,12,1,2,1,1,33:51,26:09
202412010buf,Buffalo Bills,San Francisco 49ers,35,10,20,15,38,220,3,27,153,1,14,18,152,2,0,11,18,94,0,0,0,0,2,8,152,86,372,239,0,0,3,3,0,3,5,35,2,10,6,12,3,10,1,1,1,1,33:27,26:33
202412020den,Denver Broncos,Cleveland Browns,41,32,19,28,26,106,2,23,77,0,18,35,294,1,2,34,58,497,4,3,0,0,3,22,294,475,400,552,0,0,0,0,2,3,4,57,5,46,6,13,9,19,0,0,2,2,27:50,32:10
202412050det,Detroit Lions,Green Bay Packers,34,31,27,17,34,111,1,24,99,3,32,41,283,3,1,12,20,206,1,0,1,3,1,7,280,199,391,298,0,0,1,1,1,1,7,56,7,59,7,15,1,5,4,5,0,0,36:06,23:54
202412080min,Minnesota Vikings,Atlanta Falcons,42,21,23,25,24,115,1,32,158,2,22,28,347,5,0,23,37,344,0,2,4,29,1,6,318,338,433,496,0,0,1,1,0,3,6,35,12,127,8,12,7,13,0,0,1,3,28:25,31:35
202412080phi,Philadelphia Eagles,Carolina Panthers,22,16,18,20,31,209,1,34,118,1,14,21,108,2,0,19,34,191,1,1,4,25,1,7,83,184,292,302,1,0,0,0,0,1,7,40,7,43,7,12,7,16,0,0,3,5,26:27,33:33
202412080pit,Pittsburgh Steelers,Cleveland Browns,27,14,15,20,35,120,1,25,104,0,15,26,158,2,0,24,41,212,2,2,1,11,3,16,147,196,267,300,1,1,2,1,1,3,6,61,9,81,6,14,2,13,0,0,3,4,30:00,30:00
202412080oti,Jacksonville Jaguars,Tennessee Titans,10,6,17,16,28,126,0,26,71,1,19,32,168,0,0,23,31,220,0,2,2,22,1,0,146,220,272,291,1,0,0,0,0,2,4,25,5,39,8,16,6,13,0,3,1,1,31:44,28:16
202412080mia,Miami Dolphins,New York Jets,32,26,28,23,19,44,1,21,83,1,33,47,331,2,0,27,39,339,1,0,0,0,3,20,331,319,375,402,0,0,0,0,0,0,8,49,10,83,1,9,4,12,2,2,2,2,32:53,31:02
202412080nyg,New Orleans Saints,New York Giants,14,11,16,18,23,112,1,33,92,1,21,49,227,0,1,20,31,219,1,1,2,14,2,19,213,200,325,292,0,0,2,0,1,1,12,112,6,40,5,19,5,15,2,4,0,1,28:11,31:49
202412080tam,Tampa Bay Buccaneers,Las Vegas Raiders,28,13,21,16,26,152,1,25,91,1,18,29,295,3,2,23,37,205,0,1,4,27,2,10,268,195,420,286,2,1,2,1,3,2,5,31,3,31,5,12,4,13,1,1,3,3,28:30,31:30
202412080crd,Seattle Seahawks,Arizona Cardinals,30,18,21,18,23,121,0,31,176,2,25,38,259,2,2,24,30,233,1,0,2,24,0,0,235,233,356,409,1,0,1,0,2,0,6,49,9,62,4,12,7,15,1,1,0,0,26:58,33:02
202412080ram,Los Angeles Rams,Buffalo Bills,44,42,28,25,42,137,3,17,103,3,23,30,320,2,0,22,37,342,3,0,0,0,0,0,320,342,457,445,0,0,0,0,0,0,9,99,7,59,11,15,5,9,1,1,0,0,38:30,21:30
202412080sfo,San Francisco 49ers,Chicago Bears,38,13,22,14,34,131,3,21,68,0,20,26,325,2,1,18,24,140,2,0,1,4,7,46,321,94,452,162,0,0,1,1,1,1,7,31,2,30,6,12,4,10,2,2,0,0,31:48,28:12
202412080kan,Kansas City Chiefs,Los Angeles Chargers,19,17,20,20,25,96,0,24,94,1,24,37,210,1,0,21,30,213,1,0,3,8,3,19,202,194,298,288,0,0,1,0,0,0,8,98,7,50,8,15,6,13,0,0,1,1,29:07,30:53
202412090dal,Cincinnati Bengals,Dallas Cowboys,27,20,17,23,25,156,0,19,74,0,16,31,183,2,1,33,44,369,3,1,3,17,2,10,166,359,322,433,1,1,1,0,2,1,4,36,10,77,4,12,4,10,1,2,0,1,26:49,33:11
202412120sfo,Los Angeles Rams,San Francisco 49ers,12,6,11,14,19,63,0,38,142,0,14,31,142,0,1,16,27,160,0,0,3,14,0,0,128,160,191,302,0,0,0,0,1,0,4,25,4,40,3,12,4,15,0,0,1,1,24:56,35:04
202412150car,Dallas Cowboys,Carolina Panthers,30,14,16,24,16,60,1,40,211,0,19,28,219,1,2,18,29,214,3,0,6,44,1,15,175,199,235,410,2,2,2,1,4,1,8,65,14,99,3,11,6,12,1,1,0,0,26:14,33:46
202412150oti,Cincinnati Bengals,Tennessee Titans,37,27,25,24,26,83,2,26,101,1,29,38,298,2,4,26,37,271,3,2,1,7,1,2,291,269,374,370,2,2,2,2,6,4,12,110,14,113,5,8,10,13,0,0,0,0,31:29,28:31
202412150cle,Kansas City Chiefs,Cleveland Browns,21,7,16,18,21,139,1,35,132,1,20,34,164,0,4,21,40,179,2,0,5,37,0,0,127,179,266,311,3,2,0,0,6,0,6,45,4,30,4,12,7,18,0,1,0,1,28:23,31:37
202412150htx,Houston Texans,Miami Dolphins,20,12,12,18,20,77,0,19,52,0,18,26,131,2,0,29,40,196,1,3,4,27,3,24,104,172,181,224,2,1,2,1,1,4,7,70,8,64,5,13,4,13,1,1,2,2,26:36,33:24
202412150jax,New York Jets,Jacksonville Jaguars,32,25,27,22,29,136,0,23,125,1,31,46,294,2,2,16,30,289,3,0,2,9,1,14,285,275,421,400,1,0,0,0,2,0,8,106,8,62,8,15,4,10,0,0,1,1,34:24,25:36
202412150nor,Washington Commanders,New Orleans Saints,20,19,17,23,16,69,0,35,137,0,15,32,205,2,1,25,31,226,2,0,3,29,8,37,176,189,245,326,0,0,1,0,1,0,4,36,9,84,3,11,9,17,1,1,1,1,19:10,40:50
202412150nyg,Baltimore Ravens,New York Giants,35,14,19,25,20,55,1,31,170,0,22,37,191,1,1,21,25,290,5,0,3,10,3,15,181,275,236,445,0,0,1,1,1,1,6,44,12,112,2,12,9,11,3,5,0,0,31:02,28:58
202412150det,Buffalo Bills,Detroit Lions,48,42,30,28,15,48,1,34,197,4,38,59,494,5,0,23,34,362,2,0,3,21,0,0,473,362,521,559,2,1,0,0,1,0,5,41,6,49,6,13,5,10,3,3,1,1,27:18,32:42
202412150den,Denver Broncos,Indianapolis Colts,31,13,13,18,27,72,0,32,149,1,20,33,130,3,3,17,38,172,0,2,1,9,2,11,121,161,193,310,0,0,3,3,3,5,6,58,8,69,6,17,4,15,0,0,2,4,28:28,31:32
202412150crd,Arizona Cardinals,New England Patriots,30,17,21,17,32,163,2,24,116,1,25,32,232,0,0,19,23,202,1,1,0,0,2,7,232,195,395,311,2,0,3,0,0,1,4,35,4,45,10,15,0,6,0,0,1,2,34:08,25:52
202412150phi,Philadelphia Eagles,Pittsburgh Steelers,27,13,26,10,42,131,1,17,56,0,25,32,290,2,0,14,22,128,1,0,3,20,2,21,270,107,401,163,2,2,2,1,2,1,7,54,5,60,10,17,3,10,1,1,0,0,39:52,20:08
202412150sdg,Tampa Bay Buccaneers,Los Angeles Chargers,40,17,14,24,11,32,0,39,223,0,22,34,199,2,1,22,27,288,4,1,3,25,1,5,174,283,206,506,2,1,1,1,2,2,7,60,8,83,0,6,9,15,0,2,1,1,23:12,36:48
202412150sea,Green Bay Packers,Seattle Seahawks,30,13,14,21,16,80,1,34,140,1,20,33,173,0,2,20,27,229,2,0,7,45,0,0,128,229,208,369,0,0,2,1,2,1,5,108,5,27,4,13,5,12,0,0,0,1,27:02,32:58
202412160min,Minnesota Vikings,Chicago Bears,30,12,24,16,29,114,2,29,113,0,24,40,231,1,1,19,32,196,1,0,2,16,2,25,215,171,329,284,0,0,1,1,1,1,10,56,9,93,7,14,1,12,0,1,1,3,29:54,30:06
202412160rai,Atlanta Falcons,Las Vegas Raiders,15,9,16,14,22,65,0,37,168,0,23,39,208,1,2,11,17,112,1,1,4,24,3,19,184,93,249,261,1,1,1,0,3,1,7,55,6,30,4,14,4,13,2,2,0,0,26:08,33:52
202412190sdg,Los Angeles Chargers,Denver Broncos,34,27,23,22,28,117,2,21,110,1,23,31,284,2,1,29,40,263,2,0,2,21,2,18,263,245,380,355,1,0,1,0,1,0,2,8,7,61,6,12,5,13,0,1,2,2,27:37,32:23
202412210kan,Kansas City Chiefs,Houston Texans,27,19,25,20,28,124,2,17,84,0,28,41,260,1,0,23,39,244,2,2,1,9,2,17,251,227,375,311,0,0,1,0,0,2,2,20,6,45,7,13,7,13,1,2,0,0,33:52,26:08
202412210rav,Baltimore Ravens,Pittsburgh Steelers,34,17,25,19,38,220,0,24,117,0,15,23,207,3,1,22,33,217,2,1,1,9,3,19,198,198,418,315,3,0,2,1,1,2,2,10,5,29,4,10,4,10,0,0,0,1,32:25,27:35
202412220atl,Atlanta Falcons,New York Giants,34,7,22,14,38,127,2,13,45,0,18,27,202,0,1,22,39,210,1,2,0,0,3,21,202,189,329,234,0,0,1,1,1,3,3,30,10,85,8,14,3,9,0,0,0,1,34:28,25:32
202412220car,Carolina Panthers,Arizona Cardinals,36,30,22,23,36,243,3,29,206,2,17,26,158,2,0,20,32,202,1,1,3,9,3,26,149,176,392,382,0,0,1,1,0,2,9,64,11,82,6,14,6,13,2,2,1,1,33:18,33:24
202412220chi,Detroit Lions,Chicago Bears,34,17,19,27,17,59,0,32,146,1,26,40,334,2,0,23,32,336,3,0,2,11,1,7,323,329,382,475,3,2,0,0,2,0,10,70,7,55,2,10,7,12,3,4,0,1,28:31,31:29
202412220cin,Cincinnati Bengals,Cleveland Browns,24,6,21,18,22,116,0,24,148,1,23,30,252,3,0,20,34,157,0,2,4,42,5,32,210,125,326,273,1,1,2,1,1,3,5,35,5,41,4,11,3,12,0,0,1,3,30:48,29:12
202412220clt,Indianapolis Colts,Tennessee Titans,38,30,19,18,50,335,4,22,65,2,7,11,131,1,1,23,34,252,2,3,1,8,1,10,123,242,458,307,0,0,0,0,1,3,7,62,4,35,8,15,5,11,1,1,0,0,33:01,26:59
202412220nyj,Los Angeles Rams,New York Jets,19,9,17,17,20,75,0,31,132,1,28,42,256,1,0,14,19,110,1,1,1,10,0,0,246,110,321,242,2,2,0,0,2,1,8,62,5,45,5,13,5,10,2,5,0,0,32:05,27:55
202412220was,Washington Commanders,Philadelphia Eagles,36,33,23,20,24,113,0,39,211,2,24,39,258,5,2,15,28,154,1,1,1,3,4,27,255,127,368,338,3,3,2,1,5,2,6,93,10,91,7,13,3,16,2,3,3,3,23:42,36:18
202412220sea,Minnesota Vikings,Seattle Seahawks,27,24,23,19,15,59,0,24,81,0,31,43,314,3,2,22,35,246,3,0,2,12,3,29,302,217,361,298,0,0,1,0,2,0,11,77,7,70,2,10,3,12,1,1,1,1,29:19,30:41
202412220buf,Buffalo Bills,New England Patriots,24,21,19,28,28,172,1,30,126,1,16,29,154,1,1,22,36,261,2,1,1,2,2,8,152,253,324,379,2,0,4,2,1,3,13,78,5,34,4,11,7,12,1,1,2,2,29:03,30:57
202412220rai,Las Vegas Raiders,Jacksonville Jaguars,19,14,21,15,27,69,2,21,72,1,24,38,257,0,0,25,39,247,1,0,2,12,1,11,245,236,314,308,0,0,3,2,0,2,7,62,8,60,4,14,6,15,0,0,1,2,34:18,25:42
202412220mia,Miami Dolphins,San Francisco 49ers,29,17,21,20,30,166,1,18,81,0,22,34,215,1,0,26,40,313,2,1,0,0,3,20,215,293,381,374,1,0,0,0,0,1,6,45,11,90,4,12,5,13,0,0,0,1,33:06,26:54
202412220dal,Dallas Cowboys,Tampa Bay Buccaneers,26,24,15,25,20,31,1,23,134,1,26,35,292,1,0,31,43,303,2,1,1,6,4,27,286,276,317,410,0,0,3,1,0,2,5,30,6,47,5,15,6,12,0,0,0,1,27:12,32:48
202412230gnb,Green Bay Packers,New Orleans Saints,34,0,24,14,39,188,3,20,67,0,17,30,216,1,0,15,30,153,0,1,0,0,3,24,216,129,404,196,0,0,2,1,0,2,6,60,7,40,6,13,4,11,3,3,0,2,37:13,22:47
202412250pit,Kansas City Chiefs,Pittsburgh Steelers,29,10,23,20,31,202,1,20,69,1,23,37,205,0,1,29,38,320,3,0,5,43,0,0,162,320,364,389,2,1,1,0,2,0,4,25,9,90,8,16,3,10,0,1,1,1,31:22,28:38
202412250htx,Baltimore Ravens,Houston Texans,31,2,10,25,17,58,0,43,251,2,18,32,190,0,1,11,17,184,2,0,5,37,1,3,153,181,211,432,1,0,0,0,1,0,5,49,3,30,4,15,4,9,0,2,0,0,24:39,35:21
202412260chi,Seattle Seahawks,Chicago Bears,6,3,11,12,23,103,0,25,122,0,16,28,122,0,1,17,23,160,0,0,7,46,3,17,76,143,179,265,2,0,3,1,1,1,4,23,3,25,5,15,5,13,1,2,0,0,30:20,29:40
202412280nwe,Los Angeles Chargers,New England Patriots,40,7,11,29,20,96,0,37,147,1,13,24,115,1,0,26,40,281,3,0,4,30,0,0,85,281,181,428,1,1,0,0,1,0,7,60,6,54,2,10,10,17,0,3,2,2,19:26,40:34
202412280cin,Cincinnati Bengals,Denver Broncos,30,24,34,19,28,115,1,27,123,0,39,49,412,3,0,24,31,219,3,1,7,28,2,13,384,206,499,329,1,1,2,0,1,1,3,15,7,35,7,13,4,12,1,3,1,1,41:56,26:57
202412280ram,Los Angeles Rams,Arizona Cardinals,13,9,12,24,22,68,1,22,113,0,17,32,189,0,0,33,48,321,1,2,0,0,4,38,189,283,257,396,0,0,0,0,0,2,7,46,9,62,6,15,6,13,0,0,0,2,23:05,36:55
202412290buf,Buffalo Bills,New York Jets,40,14,23,20,34,97,2,21,112,0,17,28,251,3,0,23,32,195,2,2,0,0,4,26,251,169,348,281,0,0,2,1,0,3,7,60,16,120,8,14,4,9,0,1,0,1,31:17,28:43
202412290tam,Tampa Bay Buccaneers,Carolina Panthers,48,14,33,13,40,202,0,13,39,0,27,32,359,5,0,15,28,203,2,0,2,10,5,38,349,165,551,204,0,0,2,0,0,0,5,40,4,30,10,14,2,9,0,0,0,1,41:11,18:49
202412290nyg,New York Giants,Indianapolis Colts,45,33,15,25,30,80,1,33,126,2,17,23,309,4,0,26,38,330,2,2,0,0,2,10,309,320,389,446,1,0,1,1,0,3,7,94,3,21,7,13,7,13,0,1,1,2,26:37,33:23
202412290phi,Philadelphia Eagles,Dallas Cowboys,41,7,20,16,42,179,1,30,127,0,13,19,197,3,0,16,29,148,1,2,0,0,1,7,197,141,376,268,0,0,2,2,0,4,4,25,8,69,6,13,6,14,1,1,0,0,32:49,27:11
202412290jax,Jacksonville Jaguars,Tennessee Titans,20,13,18,23,33,122,0,30,159,0,15,22,174,2,0,19,31,193,1,1,2,1,3,15,173,178,295,337,0,0,2,0,0,1,7,50,5,34,8,13,7,14,0,0,1,2,29:20,30:40
202412290nor,Las Vegas Raiders,New Orleans Saints,25,10,13,22,13,81,0,38,156,0,20,36,218,1,2,20,35,242,2,0,4,30,1,10,188,232,269,388,2,0,0,0,2,0,10,85,3,20,1,10,10,18,1,1,0,0,22:10,37:50
202412290cle,Miami Dolphins,Cleveland Browns,20,3,18,18,28,114,0,27,74,1,24,47,170,0,1,22,26,225,1,0,1,8,4,19,162,206,276,280,1,1,1,0,2,0,9,84,11,94,7,17,2,11,0,4,0,1,29:19,30:41
202412290min,Minnesota Vikings,Green Bay Packers,27,25,26,17,26,69,0,24,104,2,33,43,377,3,1,19,30,185,1,0,1,5,3,18,372,167,441,271,1,0,2,1,1,1,7,47,7,51,6,12,8,14,0,0,0,1,35:30,24:30
202412290was,Washington Commanders,Atlanta Falcons,30,24,29,23,36,216,1,23,126,2,24,36,227,3,1,19,35,223,1,1,5,31,2,12,196,211,412,337,1,0,3,0,1,1,13,108,4,25,6,13,2,10,3,3,2,2,41:32,25:46
202412300sfo,Detroit Lions,San Francisco 49ers,40,34,29,23,18,75,2,33,152,2,30,40,412,3,2,26,34,303,3,0,2,12,2,16,400,287,475,439,2,0,0,0,2,0,5,30,6,57,5,8,9,14,1,1,2,3,25:08,34:52
202501040rav,Baltimore Ravens,Cleveland Browns,35,10,20,13,35,220,2,19,56,0,16,32,217,2,0,18,34,183,1,2,0,0,2,9,217,174,437,230,0,0,0,0,0,2,10,83,3,20,7,14,4,12,0,3,0,2,31:40,28:20
202501040pit,Cincinnati Bengals,Pittsburgh Steelers,19,17,16,21,23,74,1,21,68,0,17,31,148,1,0,37,46,277,1,1,4,29,4,31,119,246,193,314,2,1,3,1,1,2,3,20,6,25,4,12,5,13,0,2,0,1,22:00,38:00
202501050atl,Carolina Panthers,Atlanta Falcons,44,38,31,25,38,227,3,30,155,3,21,38,312,2,1,26,35,270,3,0,1,2,0,0,310,270,537,425,0,0,1,0,1,0,7,55,2,30,9,14,7,12,2,3,1,1,32:41,34:05
202501050nwe,New England Patriots,Buffalo Bills,23,16,19,16,30,77,1,33,130,1,22,30,241,1,0,18,32,129,1,0,1,9,0,0,232,129,309,259,1,1,1,0,1,0,7,59,6,35,4,12,6,15,1,1,1,4,31:14,28:46
202501050gnb,Chicago Bears,Green Bay Packers,24,22,20,16,33,183,2,26,83,1,17,25,205,0,0,21,30,148,1,1,3,21,1,7,184,141,367,224,4,2,2,1,2,2,5,45,7,45,3,10,7,14,0,1,1,1,30:56,29:04
202501050clt,Indianapolis Colts,Jacksonville Jaguars,26,23,24,19,34,177,1,34,113,1,23,40,264,1,0,20,32,225,1,1,3,12,2,19,252,206,429,319,0,0,1,0,0,1,3,15,4,57,5,15,5,14,0,1,0,1,35:58,30:51
202501050dal,Washington Commanders,Dallas Cowboys,23,19,23,18,39,150,1,18,113,1,20,34,244,0,0,21,31,199,2,0,2,16,6,43,228,156,378,269,0,0,1,1,0,1,11,67,5,55,7,17,6,13,1,2,1,1,37:03,22:57
202501050oti,Houston Texans,Tennessee Titans,23,14,14,18,32,85,0,29,207,1,16,26,245,1,0,18,28,178,1,0,2,16,1,11,229,167,314,374,2,1,2,1,1,1,7,68,6,48,5,15,5,12,2,3,1,2,29:59,30:01
202501050tam,Tampa Bay Buccaneers,New Orleans Saints,27,19,20,19,31,179,1,19,64,0,21,32,221,2,1,26,42,240,1,0,1,5,2,12,216,228,395,292,1,0,0,0,1,0,12,90,8,77,10,16,3,13,1,1,2,3,32:16,27:44
202501050phi,Philadelphia Eagles,New York Giants,20,13,21,10,25,51,0,25,100,0,27,41,269,2,0,22,29,138,1,1,2,17,0,0,252,138,303,238,1,0,1,0,0,1,1,0,6,40,3,14,4,14,1,2,2,4,29:48,30:12
202501050crd,Arizona Cardinals,San Francisco 49ers,47,24,26,26,27,151,2,28,138,1,25,35,242,4,0,29,43,326,2,2,0,0,2,28,242,298,393,436,1,0,3,1,0,3,1,5,13,85,4,11,5,13,2,2,1,2,28:09,31:51
202501050den,Denver Broncos,Kansas City Chiefs,38,0,29,5,43,158,1,11,27,0,26,29,321,4,0,10,17,98,0,0,0,0,5,27,321,71,479,98,0,0,2,0,0,0,5,41,3,15,10,14,1,9,2,2,1,2,41:49,18:11
202501050nyj,New York Jets,Miami Dolphins,32,20,22,21,22,118,0,23,135,1,23,37,274,4,1,25,41,227,1,2,3,17,4,28,257,199,375,334,1,0,5,2,1,4,6,35,4,32,5,12,3,12,1,2,3,3,27:56,32:04
202501050rai,Los Angeles Chargers,Las Vegas Raiders,34,20,16,26,12,39,0,35,137,1,25,36,225,2,1,28,36,346,2,0,0,0,1,10,225,336,264,473,0,0,1,0,1,0,3,28,7,40,2,9,7,14,1,2,1,1,21:02,38:58
202501050ram,Seattle Seahawks,Los Angeles Rams,30,25,20,18,21,84,0,24,126,0,27,41,334,2,1,20,27,223,4,0,3,15,2,13,319,210,403,336,0,0,0,0,1,0,2,10,3,23,5,14,6,11,2,3,0,0,31:10,28:50
202501050det,Detroit Lions,Minnesota Vikings,31,9,24,14,31,178,3,19,120,0,27,33,231,1,2,18,41,166,0,0,2,15,2,24,216,142,394,262,0,0,0,0,2,0,8,49,6,30,5,12,3,13,2,4,0,3,36:12,23:48
202501110htx,Houston Texans,Los Angeles Chargers,32,12,20,15,34,168,1,18,50,0,22,33,282,1,1,14,32,242,1,4,3,21,4,31,261,211,429,261,3,2,1,0,3,4,8,86,2,10,5,14,3,11,2,2,0,1,34:25,25:35
202501110rav,Baltimore Ravens,Pittsburgh Steelers,28,14,29,11,50,299,2,11,29,0,16,21,175,2,0,20,30,270,2,0,1,10,4,19,165,251,464,280,1,0,0,0,0,0,3,14,7,41,10,15,5,11,0,0,0,1,39:33,20:27
202501120buf,Buffalo Bills,Denver Broncos,31,7,26,13,44,210,1,17,79,0,20,26,272,2,0,14,23,159,1,0,2,11,2,14,261,145,471,224,0,0,0,0,0,0,7,45,3,27,8,15,2,9,2,2,1,3,41:43,18:17
202501120phi,Philadelphia Eagles,Green Bay Packers,22,10,16,17,34,169,0,25,107,1,13,21,131,2,0,20,33,212,0,3,2,10,2,17,121,195,290,302,0,0,3,1,0,4,7,64,8,85,2,11,7,13,1,1,1,2,30:33,29:27
202501120tam,Washington Commanders,Tampa Bay Buccaneers,23,20,19,22,25,101,0,33,82,0,15,18,185,2,0,24,35,268,2,0,1,2,1,0,183,268,284,350,1,1,0,0,1,0,7,65,5,39,5,9,8,15,0,0,3,5,24:34,35:26
202501130ram,Los Angeles Rams,Minnesota Vikings,27,9,16,20,22,90,0,22,106,0,19,27,209,2,0,25,40,245,1,1,2,7,9,82,202,163,292,269,0,0,2,1,0,2,10,95,2,20,2,10,6,17,0,0,1,4,27:42,32:18
202501180kan,Kansas City Chiefs,Houston Texans,23,14,14,18,22,50,1,29,149,1,16,25,177,1,0,19,28,245,0,0,3,15,8,58,162,187,212,336,2,0,1,0,0,0,4,29,8,82,4,11,10,17,1,2,0,1,26:34,33:26
202501180det,Washington Commanders,Detroit Lions,45,31,30,27,23,201,3,42,182,3,25,43,336,1,4,22,31,299,2,0,2,16,0,0,320,299,521,481,1,1,1,0,5,0,5,30,4,25,3,9,4,12,2,2,3,4,26:01,33:59
202501190phi,Philadelphia Eagles,Los Angeles Rams,28,22,16,18,34,285,3,21,111,0,15,20,128,0,0,26,44,324,2,0,7,63,5,33,65,291,350,402,2,0,3,2,0,2,3,14,3,30,6,15,6,16,1,1,1,2,30:54,29:06
202501190buf,Buffalo Bills,Baltimore Ravens,27,25,20,23,36,147,3,30,176,1,16,22,127,0,0,18,25,254,2,1,1,1,2,14,126,240,273,416,0,0,3,2,0,3,1,10,5,43,5,11,7,10,1,1,1,1,31:44,28:16
202501260phi,Philadelphia Eagles,Washington Commanders,55,23,28,22,36,229,7,25,99,1,20,28,246,1,0,30,49,278,1,1,2,16,3,27,230,251,459,350,0,0,3,3,0,4,5,30,9,47,5,10,7,17,1,1,4,6,30:31,29:29
202501260kan,Kansas City Chiefs,Buffalo Bills,32,29,28,22,35,135,3,32,147,2,18,26,245,1,0,22,34,237,2,0,2,12,2,10,233,227,368,374,1,1,4,0,1,0,5,21,6,48,5,9,5,14,1,1,4,6,29:28,30:32
202502090phi,Philadelphia Eagles,Kansas City Chiefs,40,22,21,12,45,135,1,11,49,0,17,23,221,2,1,21,32,257,3,2,2,11,6,31,210,226,345,275,0,0,2,1,1,3,8,59,7,75,3,12,3,11,0,1,0,1,36:58,23:02
